movi_name,name
Planet Earth II,"David Attenborough,Gordon Buchanan,Chadden Hunter,Elizabeth White,Mark MacEwen,Fredi Devas,Ed Charles,Sandesh Kadur,Emma Napper,Barrie Britton,Pete McCowen,Armin Holtze,Michael J. Sanderson,Thomas Crowley,Jerome Poncet,Max Hug Williams,Emma Brennand,Hasibelo Rakoutouvaou"
Scam 1992: The Harshad Mehta Story,"Pratik Gandhi,Shreya Dhanwanthary,Hemant Kher,Anjali Barot,Chirag Vohra,Brinda Trivedi,Jay Upadhyay,Kumkum Das,Anant Mahadevan,Faisal Rashid,Nikhil Dwivedi,Kavin Dave,Paresh Ganatra,Himanshu Kohli,Aakanksha Gade,K.K. Raina,Raghav Raj Kakker,Kartik Krishnan"
The Vietnam War,"Peter Coyote,Huy Duc,James Willbanks,Duong Van Mai Elliott,Joachim Król,Josef Tratnik,Hans-Gerd Kilbinger,Bernt Hahn,Maximilian Hilbrand,Ernst August Schepmann,Robert Steudtner,Simon Roden,Renate Fuhrmann,John Musgrave,Phan Quang Tue,Karl Marlantes,Nguyen Ngoc,Bao Ninh"
The Last Dance,"Michael Jordan,Phil Jackson,Scottie Pippen,David Aldridge,Steve Kerr,Michael Wilbon,Andrea Kremer,Bill Wennington,John Paxson,Deloris Jordan,Dennis Rodman,Ahmad Rashad,Bob Costas,David Stern,Jerry Reinsdorf,B.J. Armstrong,Sam Smith,Rick Telander"
Fullmetal Alchemist: Brotherhood,"Matthew Leonhart,Kent Williams,Iemasa Kayumi,Vic Mignogna,Romi Park,Muriel Hofmann,Lili Troncale,Rie Kugimiya,Maxey Whitehead,Travis Willingham,Shin'ichirô Miki,Colleen Clinkenbeard,Fumiko Orikasa,Kenta Miyake,J. Michael Tatum,Yuki Hayashi,Caitlin Glass,Monica Rial"
Arcane,"Hailee Steinfeld,Kevin Alejandro,Jason Spisak,Harry Lloyd,Toks Olagundoye,JB Blanc,Remy Hii,Dave B. Mitchell,Amirah Vann,Katie Leung,Ella Purnell,Mia Sinclair Jenness,Josh Keaton,Mick Wingert,Erica Lindbeck,Yuri Lowenthal,Abigail Marlowe,Reed Shannon"
Life,"Oprah Winfrey,David Attenborough,Doug Allan,Roger Munns,Barrie Britton,Neil Lucas,Michael Pitts,Justine Evans,Kevin Flay,Jonathan Smith,Stephen Lyle,Nick Guy,Matthew Swarbrick,Rick Rosenthal,Adam Chapman,Martha Holmes,Doug Anderson,Tim Shepherd"
Sherlock,"Benedict Cumberbatch,Martin Freeman,Una Stubbs,Rupert Graves,Louise Brealey,Mark Gatiss,Andrew Scott,Amanda Abbington,Jonathan Aris,Vinette Robinson,Tanya Moodie,Lindsay Duncan,Yasmine Akram,Sian Brooke,David Nellist,Simon Kunz,Wanda Ventham,Timothy Carlton"
The Twilight Zone,"Rod Serling,Robert McCord,Jay Overholts,Vaughn Taylor,Cyril Delevanti,David Armstrong,James Turley,Jack Klugman,Burgess Meredith,John Anderson,J. Pat O'Malley,Barney Phillips,George Mitchell,Jon Lormer,John McLiam,Bill Erwin,Nan Peterson,Lew Brown"
The World at War,"Laurence Olivier,Albert Speer,Anthony Eden,Averell Harriman,Siegfried Westphal,Lawrence Durrell,Toshikazu Kase,J. Lawton Collins,Louis Mountbatten,Wynford Vaughan-Thomas,J.B. Priestley,Christabel Bielenberg,Adolf Galland,Francis de Guingand,Hasso von Manteuffel,Koichi Kido,Yuzuru Sanematsu,Emmi Bonhoeffer"
Game of Thrones,"Emilia Clarke,Peter Dinklage,Kit Harington,Lena Headey,Sophie Turner,Maisie Williams,Nikolaj Coster-Waldau,Iain Glen,John Bradley,Alfie Allen,Conleth Hill,Liam Cunningham,Gwendoline Christie,Aidan Gillen,Isaac Hempstead Wright,Rory McCann,Nathalie Emmanuel,Jerome Flynn"
Rick and Morty,"Justin Roiland,Chris Parnell,Spencer Grammer,Sarah Chalke,Kari Wahlgren,Dan Harmon,Maurice LaMarche,Tom Kenny,Brandon Johnson,Ryan Ridley,Nolan North,Cassie Steele,Phil Hendrie,Echo Kellum,Keith David,Rob Schrab,Rob Paulsen,Tara Strong"
Our Planet,David Attenborough
Cosmos,"Carl Sagan,Jaromír Hanzlík,Jonathan Fahn,Bill Grant,Larry Soderblom,Linda Morabito,Jean Charney,Alan Belod,Bob Hevelone,Cecilia White,Arthur 'Lonne' Lane,Ronald A. Hilbert,Victor C. John,Dana Hlavácová,Josef Vinklár"
Cosmos: A Spacetime Odyssey,"Neil deGrasse Tyson,Christopher Emerson,Keythe Farley,Piotr Michael,Enn Reitel,Stoney Emshwiller,André Sogliuzzo,Kirsten Dunst,Amanda Seyfried,Phil LaMarr,Paul Sorvino,Larry Cedar,Christiane Amanpour,Seth MacFarlane,Fred Tatasciore,Martin Jarvis,Glenn Steinbaum,Maria Frucci"
Flames,"Ritvik Sahore,Tanya Maniktala,Sunakshi Grover,Shivam Kakar,Deepesh Sumitra Jagdish,Farabi Md Refat,Kunal Aneja,Sachin Kathuria,Neelu Dogra,Sachin Vidrohi,Raj Sharma,Anushka Sharma,Purnendu Bhattacharya,Sahil Verma,Ujjawal Aggarwal,Simar Singh Oberoi,Lalit Shokeen,Manan Madaan"
Dr. Horrible's Sing-Along Blog,"Neil Patrick Harris,Nathan Fillion,Felicia Day,Simon Helberg,Nick Towne,Jed Whedon,Rob Reinis,Otto Michael Penzato,Richard Partlow,Maurissa Tancharoen,Stacy Shirk,Steve Berg,David Fury,Marti Noxon,Michael Boretz,Lance W. Lanfear,Michael G. Canaan,Jonathan Reilly"
Ethos,"Öykü Karayel,Fatih Artman,Funda Eryigit,Defne Kayalar,Settar Tanriögen,Tülin Özen,Bige Önal,Göktug Yildirim,Neil Vanides,Gokhan Yikilkan,Alican Yücesoy,Nesrin Cavadzade,Cemre Zisan Sagbir,Derya Karadas,Esme Madra,Aziz Çapkurt,Incinur Sevimli,Özge Özel"
Modern Family,"Ed O'Neill,Sofía Vergara,Julie Bowen,Ty Burrell,Jesse Tyler Ferguson,Eric Stonestreet,Rico Rodriguez,Sarah Hyland,Nolan Gould,Ariel Winter,Aubrey Anderson-Emmons,Jeremy Maguire,Reid Ewing,Beatrice the Dog,Pierce Wallace,Adam Devine,Fred Willard,Dana Powell"
Jesus of Nazareth,"Robert Powell,Olivia Hussey,Laurence Olivier,James Mason,Anne Bancroft,Ernest Borgnine,Claudia Cardinale,Valentina Cortese,James Farentino,James Earl Jones,Stacy Keach,Tony Lo Bianco,Ian McShane,Donald Pleasence,Christopher Plummer,Anthony Quinn,Fernando Rey,Ralph Richardson"
Luther,"Idris Elba,Dermot Crowley,Michael Smiley,Warren Brown,Ruth Wilson,Paul McGann,Nikki Amuka-Bird,Steven Mackintosh,Saskia Reeves,Indira Varma,Patrick Malahide,Sienna Guillory,Aimee-Ffion Edwards,David O'Hara,Kierston Wareing,Michael Obiora,Anton Valensi,Enzo Cilenti"
The Sopranos,"James Gandolfini,Lorraine Bracco,Edie Falco,Michael Imperioli,Steven Van Zandt,Robert Iler,Tony Sirico,Jamie-Lynn Sigler,Dominic Chianese,Aida Turturro,Steve Schirripa,Drea de Matteo,Dan Grimaldi,Joseph R. Gannascoli,Sharon Angela,John Ventimiglia,Vincent Curatola,Frank Vincent"
Happy Valley,"Sarah Lancashire,Siobhan Finneran,Charlie Murphy,James Norton,Rhys Connah,Rick Warden,Shane Zaza,Karl Davies,Vincent Franklin,Ishia Bennison,George Costigan,Chord Melodic,Jill Baker,Derek Riddell,Kevin Doyle,Joe Armstrong,Steve Pemberton,Adam Long"
Foyle's War,"Michael Kitchen,Honeysuckle Weeks,Anthony Howell,Ellie Haddington,Julian Ovenden,Jay Simpson,Tim McMullan,Daniel Weyman,Jeremy Swift,Rupert Vansittart,Geoffrey Freshwater,Mali Harries,Michael Simkins,Hermione Gulliford,Max Brown,Alex Clatworthy,Jay Benedict,Jonah Lotan"
"Love, Death & Robots","Scott Whyte,Nolan North,Steven Pacey,Emily O'Brien,Fred Tatasciore,Matthew Yang King,Michelle C. Bonilla,Chris Cox,Ike Amadi,Noshir Dalal,Piotr Michael,Mary Elizabeth Winstead,Kevin Michael Richardson,Maurice LaMarche,Samira Wiley,Josh Brener,Helen Sadler,Graham Hamilton"
I Love Lucy,"Lucille Ball,Desi Arnaz,Vivian Vance,William Frawley,Joseph A. Mayer,Michael Mayer,Richard Keith,Bennett Green,Hazel Pierce,Louis Nicoletti,Jerry Hausner,Elizabeth Patterson,Frank Nelson,Doris Singleton,Barbara Pepper,Kathryn Card,Richard Reeves,Bob Jellison"
My Brilliant Friend,"Alba Rohrwacher,Margherita Mazzucco,Gaia Girace,Annarita Vitolo,Alessio Gallo,Valentina Acca,Giovanni Amura,Antonio Buonanno,Gennaro De Stefano,Francesco Serpico,Elvis Esposito,Luca Gallone,Fabrizio Cottone,Ulrike Migliaresi,Chiara Di Costanzo,Pina Di Gennaro,Sarah Falanga,Anna Cerchia"
Southland,"Michael Cudlitz,Shawn Hatosy,Regina King,Ben McKenzie,C. Thomas Howell,Arija Bareikis,Jamie McShane,Michael McGrady,Dorian Missick,Kevin Alejandro,Tom Everett Scott,Emily Bergl,Roxana Brusso,Mario Cortez,Lucy Liu,Jenny Gago,Lex Medlin,Patrick Fischler"
Your Lie in April,"Natsuki Hanae,Risa Taneda,Ayane Sakura,Ryôta Ôsaka,Erika Harlacher,Amanda Céline Miller,Abelina Sabrina Rios,Erik Scott Kimerer,Julie Ann Taylor,Adin Rudd,Jennifer Alyx,Christina McBride,Megan Crockett,Ryan Raydarke,Erica Lindbeck,Max Mittelman,Erica Mendez,Kyle McCarley"
Horace and Pete,"Louis C.K.,Steve Buscemi,Edie Falco,Steven Wright,Kurt Metzger,Alan Alda,Jessica Lange,Liza Treyger,Aidy Bryant,Nick Di Paolo,Maria Dizzia,Tom Noonan,Dov Davidoff,Craig muMs Grant,Reg E. Cathey,Greer Barnes,Karen Pittman,Mark Normand"
Mr Inbetween,"Scott Ryan,Chika Yasumura,Justin Rosniak,Damon Herriman,Brooke Satchwell,Nicholas Cassim,Natalie Tran,Matt Nable,Lizzie Schebesta,Jed,Jeremy Sims,Kenny Graham,Eddie Baroo,Josh McConville,Kieran Darcy-Smith,David Michôd,Scott Harrison,Rose Riley"
Garth Marenghi's Darkplace,"Richard Ayoade,Matt Berry,Matthew Holness,Alice Lowe,Kim Noble,Julian Barratt,Matt Green,Sarah Kants,Graham Linehan,Stephen Merchant,Spencer Brown,Noel Fielding,Paul King,Lydia Fox,Bronwen Davies,Lawrence Michelowski,Nicholas Ivanov,Kevin Hudson"
It's Okay to Not Be Okay,"Kim Soo-hyun,Seo Ye-Ji,Oh Jeong-Se,Park Gyuyoung,Park Jin-Joo,Kim Joo-Heon,Jang Young-Nam,Kang Ki-Doong,Jang Gyu-ri,Kim Chang-wan,Lee Eol,Jeong Jaekwang,Ki-Cheon Kim,Kim Mi-Kyung,Choi Woo-Sung,Kim Soo-In,Kang Ji-Eun,Joon Seo"
Mare of Easttown,"Kate Winslet,Julianne Nicholson,Jean Smart,Angourie Rice,John Douglas Thompson,Joe Tippett,Cameron Mann,Jack Mulhern,Izzy King,Justin Hurtt-Dunkley,Sosie Bacon,David Denman,Neal Huff,James McArdle,Guy Pearce,Ruby Cruz,Enid Graham,Chinasa Ogbuagu"
Ozark,"Jason Bateman,Laura Linney,Sofia Hublitz,Skylar Gaertner,Julia Garner,Lisa Emery,Charlie Tahan,Carson Holmes,Kevin L. Johnson,Jordana Spiro,Jason Butler Harner,Peter Mullan,Janet McTeer,Nelson Bonilla,Jessica Frances Dukes,McKinley Belcher III,Felix Solis,Damian Young"
Harley Quinn,"Kaley Cuoco,Lake Bell,Alan Tudyk,Ron Funches,Tony Hale,Matt Oberg,Jason Alexander,Diedrich Bader,Christopher Meloni,J.B. Smoove,Jim Rash,James Adomian,Andy Daly,Vanessa Marshall,Tisha Campbell,Phil LaMarr,Rahul Kohli,Briana Cuoco"
Vikings,"Katheryn Winnick,Gustaf Skarsgård,Alexander Ludwig,Georgia Hirst,Alex Høgh Andersen,Jordan Patrick Smith,Marco Ilsø,Peter Franzén,Travis Fimmel,Clive Standen,John Kavanagh,Jennie Jacques,Maude Hirst,Moe Dunford,Alyssa Sutherland,Linus Roache,George Blagden,Adam Copeland"
X-Men: The Animated Series,"Cedric Smith,Cal Dodd,Lenore Zann,George Buza,Alyson Court,Catherine Disher,Norm Spencer,Chris Potter,Alison Sealy-Smith,Lawrence Bayne,David Hemblen,John Colicos,Ron Rubin,Don Francks,Stephen Ouimette,Marc Strange,Philip Akin,Lally Cadeau"
John Adams,"Paul Giamatti,Laura Linney,John Dossett,Stephen Dillane,Sarah Polley,Samuel Barnett,David Morse,Andrew Scott,Danny Huston,Ebon Moss-Bachrach,Steven Hinkle,Madeline Taylor,Mamie Gummer,Kevin Trainor,Tom Wilkinson,Michael Hall D'Addario,Rufus Sewell,Justin Theroux"
Erased,"Ben Diskin,Tao Tsuchiya,Michelle Ruff,Shinnosuke Mitsushima,Minami Takayama,Stephanie Sheh,Sara Cravens,David W. Collins,Mitsuru Miyamoto,Aoi Yûki,Christine Marie Cabanos,Ayaka Nanase,Ryan Bartley,Erica Mendez,Akari Kitô,You Taichi,Bobby Thong,Yukitoshi Kikuchi"
Black Books,"Dylan Moran,Bill Bailey,Tamsin Greig,Paul Beech,Daisy Campbell,Ben Homewood,Nick Frost,Tony Way,Omid Djalili,Mark Aiken,Terry Bird,John Arthur,Tony Bluto,Jessica Hynes,Rose Keegan,Nina Conti,Mick Walter,Howard Coggins"
The Defiant Ones,"Dr. Dre,Bono,Stevie Nicks,Tom Petty,Jimmy Iovine,Janet Mormile,Snoop Dogg,Ice Cube,Gwen Stefani,Trent Reznor,Sean 'Diddy' Combs,Bruce Springsteen,Nas,DJ Yella,The D.O.C.,Vicki Iovine,Doug Morris,Verna Griffin"
The Knick,"André Holland,Clive Owen,Jeremy Bobb,Juliet Rylance,Eve Hewson,Michael Angarano,Cara Seymour,Eric Johnson,Chris Sullivan,Grainger Hines,Zuzanna Szadkowski,Maya Kazan,Ylfa Edelstein,Lucas Papaelias,Leon Addison Brown,Charles Aitken,Tom Lipinski,Jennifer Ferrin"
Big Little Lies,"Reese Witherspoon,Nicole Kidman,Shailene Woodley,Zoë Kravitz,Adam Scott,Laura Dern,James Tupper,Alexander Skarsgård,Jeffrey Nordling,Iain Armitage,Darby Camp,Kathryn Newton,Cameron Crovetti,Nicholas Crovetti,Chloe Coleman,Ivy George,Larry Sullivan,Merrin Dungey"
The Punisher,"Jon Bernthal,Amber Rose Revah,Ben Barnes,Jason R. Moore,Ebon Moss-Bachrach,Floriana Lima,Josh Stewart,Giorgia Whigham,Jaime Ray Newman,Kobi Frumer,Paul Schulze,Michael Nathanson,Royce Johnson,Tony Plana,Ripley Sobo,Daniel Webber,Kelli Barrett,Samuel María Gómez"
Regular Show,"J.G. Quintel,William Salyers,Sam Marin,Mark Hamill,Roger Craig Smith,Minty Lewis,Janie Haddad Tompkins,Courtenay Taylor,Steve Blum,Fred Tatasciore,John Cygan,Ali Hillis,Linda Cardellini,Jeff Bennett,David Kaye,Robin Atkin Downes,David Ogden Stiers,Troy Baker"
Alfred Hitchcock Presents,"Alfred Hitchcock,Harry Tyler,John Williams,Patricia Hitchcock,Arthur Gould-Porter,Raymond Bailey,Russell Collins,Robert Carson,Barry Harvey,Robert H. Harris,Ray Teal,Bartlett Robinson,David Fresco,Lillian O'Malley,Robert Horton,Percy Helton,Ralph Clanton,Charles Davis"
Wentworth,"Kate Atkinson,Katrina Milosevic,Robbie Magasiva,Jacqueline Brennan,Celia Ireland,Pamela Rabe,Kate Jenkinson,Lauri McLennan,Lucia Brancatisano,Bernard Curry,Nicole da Silva,Shareena Clanton,Eloise Wright,Danielle Cormack,Tammy Macintosh,Rarriwuy Hick,Katherine Grinlaw,Susie Porter"
Chef's Table,"Massimo Bottura,Francis Mallmann,Ruth Reichl,Magnus Nilsson,Dan Barber,Niki Nakayama,Lara Gilmore,Ben Shewry,Bill Buford,David Chang,Grant Achatz,Dominique Crenn,Daniel Humm,Enrique Olvera,Alex Atala,Gaggan Anand,Luiz Américo Camargo,Colman Andrews"
Schitt's Creek,"Eugene Levy,Catherine O'Hara,Dan Levy,Annie Murphy,Chris Elliott,Emily Hampshire,Jennifer Robertson,Sarah Levy,Karen Robinson,Dustin Milligan,Noah Reid,John Hemphill,Tim Rozon,Marilyn Bellfontaine,Mary Kelly,Jennifer Foster,Lili Connor,Rizwan Manji"
The Angry Video Game Nerd,"James Rolfe,Mike Matei,Kyle Justin,Antonio Piluso,Boo,Kieran Fallon,Kevin Finn,Liam Mulvey,Craig Skistimas,Justin Silverman,Marsh,Xander Arnot,Micheal Mulvey,Pat Contri,Lloyd Kaufman,Nathan Barnatt,Macaulay Culkin,Gilbert Gottfried"
The Night Of,"Riz Ahmed,John Turturro,Bill Camp,Amara Karan,Payman Maadi,Jeannie Berlin,Poorna Jagannathan,Michael Kenneth Williams,Paul Sparks,Syam M. Lafi,Sofia Black-D'Elia,Afton Williamson,Paulo Costanzo,Nabil Elouahabi,Mustafa Shakir,Joshua Bitton,Lord Jamar,Esau Pritchett"
Mob Psycho 100,"Setsuo Ito,Takahiro Sakurai,Akio Ôtsuka,Kyle McCarley,Chris Niosi,Michael Sorich,Miyu Irino,Max Mittelman,Yoshitsugu Matsuoka,Ryunosuke Watanuki,Patrick Seitz,Yoshimasa Hosoya,Erik Scott Kimerer,Daiki Hamano,Seiichiro Yamashita,Cherami Leigh,Toshihiko Seki,Kôhei Amasaki"
The Expanse,"Steven Strait,Dominique Tipper,Wes Chatham,Shohreh Aghdashloo,Cas Anvar,Frankie Adams,Cara Gee,Shawn Doyle,Thomas Jane,Florence Faivre,Nadine Nicole,Chad L. Coleman,Anna Hopkins,Keon Alexander,Jasai Chase Owens,Andrew Rotilio,Nick E. Tarabay,David Strathairn"
Community,"Joel McHale,Danny Pudi,Donald Glover,Chevy Chase,Gillian Jacobs,Alison Brie,Ken Jeong,Yvette Nicole Brown,Jim Rash,Richard Erdman,Erik Charles Nielsen,Dino Stamatopoulos,Danielle Kaplowitz,John Oliver,Charley Koontz,Luke Youngblood,Paget Brewster,Keith David"
Twin Peaks,"Kyle MacLachlan,Sheryl Lee,Michael Horse,Chrysta Bell,Miguel Ferrer,David Lynch,Robert Forster,Kimmy Robertson,Naomi Watts,Laura Dern,Pierce Gagnon,Harry Goaz,Al Strobel,John Pirruccello,Don Murray,Mädchen Amick,Dana Ashbrook,Brent Briscoe"
From the Earth to the Moon,"Tom Hanks,Nick Searcy,Lane Smith,David Andrews,Daniel Hugh Kelly,Stephen Root,David Clyde Carr,Tim Daly,Steve Hofvendahl,Conor O'Farrell,Brett Cullen,Cary Elwes,Ben Marley,Mike Pniewski,Holmes Osborne,Tom Verica,John Posey,Rita Wilson"
Hannibal,"Hugh Dancy,Mads Mikkelsen,Caroline Dhavernas,Laurence Fishburne,Scott Thompson,Aaron Abrams,Gillian Anderson,Hettienne Park,Kacey Rohl,Lara Jean Chorostecki,Raúl Esparza,Vladimir Jon Cubrt,Katharine Isabelle,Kalen Davidson,Eddie Izzard,Richard Armitage,Gina Torres,Rutina Wesley"
Generation Kill,"Alexander Skarsgård,James Ransone,Lee Tergesen,Jon Huertas,Stark Sands,Billy Lush,Jonah Lotan,Wilson Bethel,Pawel Szajda,Marc Menchaca,Rey Valentin,Kellan Lutz,Mike Figueroa,Rudy Reyes,Rich McDonald,Eric Ladin,Chance Kelly,Eric Nenninger"
Detectorists,"Mackenzie Crook,Toby Jones,Rachael Stirling,Gerard Horan,Pearce Quigley,Divian Ladwa,Laura Checkley,Sophie Thompson,Orion Ben,Aimee-Ffion Edwards,Simon Farnaby,Paul Casar,Alexa Davies,Lucy Benjamin,Rebecca Callard,Jacob Hill,Daniel Donskoy,Isabella Hill"
Rurouni Kenshin: Trust and Betrayal,"Mayo Suzukaze,Junko Iwao,Nozomu Sasaki,Masami Suzuki,Shûichi Ikeda,Tomokazu Seki,Wataru Takagi,Ryûsei Nakao,Hirotaka Suzuoki,Akari Hibino,Minoru Uchida,Tetsuya Iwanaga,Satoshi Tsuruoka,Mitsuaki Hoshino,Hiromi Setsu,Rikiya Koyama,Hiroshi Takahashi,Hiroshi Shimozaki"
Futurama,"Billy West,John DiMaggio,Katey Sagal,Tress MacNeille,Phil LaMarr,Lauren Tom,Maurice LaMarche,David Herman,Frank Welker,Kath Soucie,Dawnn Lewis,Tom Kenny,Dan Castellaneta,George Takei,Nicole St. John,Phil Hendrie,Al Gore,Pamela Anderson"
Ezel,"Kenan Imirzalioglu,Cansu Dere,Yigit Özsener,Baris Falay,Tuncel Kurtiz,Bade Iscil,Sarp Akkaya,Bayazit Gülercan,Ipek Bilgin,Nurhan Özenen,Baris Serma,Ataberk Ural,Burçin Terzioglu,Riza Kocaoglu,Salih Kalyon,Kemal Uçar,Levent Can,Mert Akbas"
Brass Eye,"Christopher Morris,Mark Heap,Kevin Eldon,Doon Mackichan,David Cann,Barbara Durkin,Amelia Bullmore,Albert Welling,Gina McKee,Claire Skinner,Bill Moody,Frazer Brown,Peter Baynham,Bill Bailey,Bill Cashmore,Sinead Griffin-Lennon,Paul Garner,Simon Kunz"
Endeavour,"Shaun Evans,Roger Allam,James Bradshaw,Sean Rigby,Anton Lesser,Caroline O'Neill,Abigail Thaw,Sara Vickers,Dakota Blue Richards,Jack Laskey,Jack Bannon,Shvorne Marks,Lewis Peek,Simon Harrison,Carol Royle,Richard Riddell,Mark Arden,Flora London"
Neon Genesis Evangelion,"Megumi Ogata,Megumi Hayashibara,Kotono Mitsuishi,Spike Spencer,Allison Keith-Shipp,Sue Ulu,Amanda Winn Lee,Tristan MacAvery,Tiffany Grant,Guil Lunde,Matt Greenfield,Kendra Benham,Jason Lee,Carrie Keranen,Casey Mongillo,Erica Lindbeck,Ryan Bartley,Pedro de Aguillón"
Silicon Valley,"Thomas Middleditch,T.J. Miller,Josh Brener,Martin Starr,Kumail Nanjiani,Amanda Crew,Zach Woods,Matt Ross,Jimmy O. Yang,Suzanne Cryer,Chris Diamantopoulos,Chris Williams,Stephen Tobolowsky,Rogelio T. Ramos,Scott Prendergast,Aly Mawji,Jill E. Alexander,Bernard White"
Trailer Park Boys,"John Paul Tremblay,Robb Wells,Mike Smith,John Dunsworth,Patrick Roach,Sarah Dunsworth,Tyrone Parsons,Jeanna Harrison,Cory Bowles,Shelley Thompson,Lucy Decoutere,Jonathan Torrens,Jacob Rolfe,Barrie Dunn,Michael Jackson,George Green,Garry James,Marguerite McNeil"
Spartacus: Gods of the Arena,"John Hannah,Manu Bennett,Peter Mensah,Dustin Clare,Nick E. Tarabay,Lucy Lawless,Craig Walsh-Wrightson,Lesley-Ann Brandt,Antonio Te Maioha,Stephen Lovatt,Shane Rangi,Jessica Grace Smith,Raicho Vasilev,Ioane King,Marisa Ramirez,Gareth Williams,Jeffrey Thomas,Jaime Murray"
North & South,"Daniela Denby-Ashe,Richard Armitage,Tim Pigott-Smith,Sinéad Cusack,Brendan Coyle,Pauline Quirke,Jo Joyner,Kay Lyon,Lesley Manville,Anna Maxwell Martin,Emma Owen,Jane Booker,Tom Charnock,William Houston,John Light,Brian Protheroe,Will Tacey,Lucy Brown"
Sons of Anarchy,"Charlie Hunnam,Katey Sagal,Mark Boone Junior,Kim Coates,Tommy Flanagan,Theo Rossi,Dayton Callie,Maggie Siff,Ron Perlman,David Labrava,Ryan Hurst,William Lucking,Michael Ornstein,Winter Ave Zoli,Jimmy Smits,Niko Nicotera,Chris Reed,Drea de Matteo"
Black Sun,"Andrija Kuzmanovic,Marija Bergam,Dragan Bjelogrlic,Jovana Stojiljkovic,Nenad Jezdic,Gordan Kicic,Goran Bogdan,Aleksandar Gligoric,Nebojsa Dugalic,Aleksandar Stojkovic,Slobodan 'Boda' Ninkovic,Branimir Brstina,Marko Zivic,Milos Samolov,Srdjan 'Zika' Todorovic,Toni Mihajlovski,Petre Arsovski,Vojislav 'Voja' Brajovic"
Spartacus,"Andy Whitfield,Lucy Lawless,Manu Bennett,Daniel Feuerriegel,Peter Mensah,Nick E. Tarabay,Viva Bianca,Liam McIntyre,Pana Hema Taylor,Cynthia Addai-Robinson,Dustin Clare,Heath Jones,Katrina Law,Ellen Hollman,Barry Duffield,Kelvin Taylor,John Hannah,Craig Parker"
I'm Alan Partridge,"Steve Coogan,Simon Greenall,Felicity Montagu,Phil Cornwell,Andrew Burt,Amelia Bullmore,Barbara Durkin,Sally Phillips,James Lance,Tim Dantay,David Schneider,Simon Ludders,Danny Cunningham,Terence Booth,Michael Wardle,Peter Baynham,Polly Kemp,Rob Brydon"
Samurai Jack,"Phil LaMarr,Mako,Kevin Michael Richardson,Jeff Bennett,Grey Griffin,Tara Strong,Tom Kenny,Daran Norris,Greg Baldwin,John DiMaggio,Jennifer Hale,Dee Bradley Baker,Sab Shimono,Richard McGonagle,Lauren Tom,Keone Young,Rob Paulsen,Clyde Kusatsu"
"Yes, Prime Minister","Paul Eddington,Nigel Hawthorne,Derek Fowlds,Diana Hoddinott,Deborah Norton,John Nettleton,Peter Cellier,Miranda Forbes,Frederick Treves,Antony Carrick,Barry Stanton,Donald Pickering,Peter Cartwright,Clive Francis,Frank Middlemass,Michael Aldridge,John Barron,John Wells"
Doctor Who,"Jodie Whittaker,Peter Capaldi,Pearl Mackie,Matt Smith,David Tennant,Nicholas Briggs,Jon Davey,Jenna Coleman,Paul Kasey,Karen Gillan,Billie Piper,Mandip Gill,Arthur Darvill,Simon Carew,Bradley Walsh,Tosin Cole,Ruari Mears,Barnaby Edwards"
Letterkenny,"Michelle Mylett,Jared Keeso,Nathan Dales,K. Trevor Wilson,Dylan Playfair,Andrew Herr,Tyler Johnston,Evan Stern,Lisa Codrington,Patrick McNeil,Kamilla Kowal,Jacob Tierney,Dan Petronijevic,Mark Forward,Jay Bertin,Joel Gagne,Clark Backo,Kaniehtiio Horn"
Skam,"Josefine Frida Pettersen,Iman Meskini,Ulrikke Falch,Lisa Teige,Tarjei Sandvik Moe,Ina Svenningdal,Marlon Valdés Langeland,Herman Tømmeraas,Thomas Hayes,Carl Martin Eggesbø,Kristina Ødegaard,Cecilie Martinsen,David Stakston,Henrik Holm,Rakel Øfsti Nesje,Sacha Kleber Nyiligira,Cengiz Al,Simo Mohamed Elhbabi"
The Venture Bros.,"Christopher McCulloch,James Urbaniak,Doc Hammer,Michael Sinterniklaas,Patrick Warburton,Steven Rattazzi,Paul Boocock,Soul-Bot,Lisa Hammer,Dana Snyder,Mia Barron,Brendon Small,Charles Parnell,Mark Gagliardi,Hal Lublin,Cristin Milioti,Kate McKinnon,Nina Hellman"
Pose,"Michaela Jaé (MJ) Rodriguez,Dominique Jackson,Indya Moore,Angel Bismark Curiel,Billy Porter,Hailie Sahar,Dyllon Burnside,Jason A. Rodriguez,Ryan Jamaal Swain,Jeremy McClain,Angelica Ross,Sandra Bernhard,Alexia Garcia,Jiggly Caliente,Jack Mizrahi,Leiomy Maldonado,Evan Peters,Charlayne Woodard"
Through the Wormhole,"Morgan Freeman,Sean Carroll,Michio Kaku,Kip Thorne,Carlos Frenk,Max Tegmark,Paul Davies,Lee Smolin,Janna Levin,Frank Tipler,Frank Close,Michael Persinger,Paul Steinhardt,Andy Albrecht,Will Wright,David Spergel,Alan Guth,Steve Nahn"
The Bureau,"Mathieu Kassovitz,Florence Loiret Caille,Jonathan Zaccaï,Sara Giraudeau,Jules Sagot,Zineb Triki,Jean-Pierre Darroussin,Irina Muluile,Gilles Cohen,Artus,Alexandre Brasseur,Patrick Ligardes,Léa Drucker,Mathieu Amalric,Aleksey Gorbunov,Michaël Abiteboul,Pauline Etienne,Anne Azoulay"
Gullak,"Jameel Khan,Geetanjali Kulkarni,Vaibhav Raj Gupta,Harsh Mayar,Shivankit Singh Parihar,Sunita Rajwar,Deepak Kumar Mishra,Saad Bilgrami,Ashwini,Ajay Pal,Abhishake Jha,Bilal Khan,Amar Singh Parihar,Gaurav Sarathe,Rudra Pratap Singh Parihar,Dev Kumar,Avinash Bundela,Sweta Joshi"
What We Do in the Shadows,"Kayvan Novak,Matt Berry,Natasia Demetriou,Harvey Guillén,Mark Proksch,Kristen Schaal,Doug Jones,Anthony Atamanuik,Veronika Slowikowska,Jake McDorman,Beanie Feldstein,Gloria Laino,Karly Bon,Kae Kae Lee,Indiana Mehta,Taika Waititi,Gavin Fox,Chris Sandiford"
Whose Line Is It Anyway?,"Drew Carey,Colin Mochrie,Ryan Stiles,Laura Hall,Wayne Brady,Linda Taylor,Greg Proops,Brad Sherwood,Cece Worrall Rubin,Charles Esten,Kathryn Greenwood,Denny Siegel,Anne King,Jeff Bryan Davis,Anna Wanselius,Kathy Griffin,Karen Maruyama,Whoopi Goldberg"
Samurai Champloo,"Kazuya Nakai,Ginpei Sato,Ayako Kawasumi,Steve Blum,Kirk Thornton,Kari Wahlgren,Doug Stone,Erik Davies,Masakazu Kohara,Tsuguo Mogami,Shunsuke Sakuya,Yoshinori Sonobe,Masao Harada,Takehiro Murozono,Steve Kramer,Paul St. Peter,Kim Strauss,Doug Erholtz"
Fullmetal Alchemist,"Vic Mignogna,Aaron Dismuke,Romi Park,Rie Kugimiya,Maria Tamar,Travis Willingham,Tôru Ohkawa,Colleen Clinkenbeard,Caitlin Glass,Christopher Sabat,Kenji Utsumi,Megumi Toyoguchi,Michiko Neya,Laura Bailey,Yûko Satô,Mike McFarland,Ed Blaylock,Yasunori Matsumoto"
The IT Crowd,"Chris O'Dowd,Richard Ayoade,Katherine Parkinson,Matt Berry,Christopher Morris,Noel Fielding,Graham Linehan,Tom Binns,Lewis Macleod,Belinda Stewart-Wilson,Peter Serafinowicz,Gemma Chan,Cordelia Bugeja,Togo Igawa,John Willie Hopkins,Dolly Wells,Pete Deagle,Ben Moor"
Louie,"Louis C.K.,Hadley Delany,Ursula Parker,Pamela Adlon,Deanna Mustard,Steve Fabricant,Susan Kelechi Watson,Nick Di Paolo,Todd Barry,Jim Norton,Robert Kelly,William Stephenson,Edward Gelbinovich,Gary Wilmes,Eszter Balint,Ellen Burstyn,Charles Grodin,Parker Posey"
Long Way Round,"Ewan McGregor,Charley Boorman,David Alexanian,Claudio von Planta,Russ Malkin,Jimmy Simak,Eve Mavrakis,Olly Boorman,Doone Boorman,Kinvara Boorman,Jim McGregor,John Boorman,Carol McGregor,Christel Kruse Boorman,Daisy Boorman,Margrit von Planta,Natalie Portman,Paul Teutul Sr."
The Office,"Ricky Gervais,Martin Freeman,Mackenzie Crook,Lucy Davis,Ewen MacIntosh,Ben Bradshaw,Jamie Deeks,Jane Lucas,Emma Manton,Alexander Perkins,Philip Pickard,Joel Beckett,Patrick Baladi,Julie Fernandez,Rachel Isaac,Howard Saddler,Ralph Ineson,Stirling Gallacher"
Homicide: Life on the Street,"Richard Belzer,Clark Johnson,Yaphet Kotto,Kyle Secor,Andre Braugher,Melissa Leo,Reed Diamond,Sharon Ziman,Peter Gerety,Jon Seda,Toni Lewis,Isabella Hofmann,Callie Thorne,Clayton LeBouef,Zeljko Ivanek,Max Perlich,Daniel Baldwin,Ned Beatty"
Mahabharat,"Harish Bhimani,Nitish Bharadwaj,Mukesh Khanna,Gajendra Chauhan,Praveen Kumar Sobti,Arjun,Roopa Ganguly,Puneet Issar,Pankaj Dheer,Gufi Paintal,Girija Shankar,Surendra Pal,Renuka Israni,Nazneen,Virendra Razdan,Vinod Kapoor,Sameer Chitre,Sanjeev Chitre"
Mr. Robot,"Rami Malek,Christian Slater,Carly Chaikin,Martin Wallström,Portia Doubleday,Michael Cristofer,Grace Gummer,BD Wong,Stephanie Corneliussen,Vaishnavi Sharma,Gloria Reuben,Sunita Mani,Azhar Khan,Joey Bada$$,Omar Metwally,Michael Drayer,Michel Gill,Jeremy Holm"
Cobra Kai,"Ralph Macchio,William Zabka,Xolo Maridueña,Courtney Henggeler,Tanner Buchanan,Mary Mouser,Jacob Bertrand,Gianni DeCenzo,Martin Kove,Owen Morgan,Jayden Rivers,Vanessa Rubio,Aedin Mincks,Peyton List,Khalil Everage,Nichole Brown,Hannah Kepple,Joe Seo"
The Family Man,"Manoj Bajpayee,Samantha Ruth Prabhu,Priyamani,Sharib Hashmi,Ashlesha Thakur,Vedant Sinha,Shahab Ali,Shreya Dhanwanthary,Sharad Kelkar,Dalip Tahil,Darshan Kumaar,Sunny Hinduja,Aritro Rudraneil Banerjee,Pawan Chopra,Neeraj Madhav,Mime Gopi,Srikrishna Dayal,Vijay Vikram Singh"
Battlestar Galactica,"Edward James Olmos,Mary McDonnell,Katee Sackhoff,Jamie Bamber,James Callis,Tricia Helfer,Callum Keith Rennie,Grace Park,Michael Hogan,Matthew Bennett,Paul Campbell,Aaron Douglas,Barclay Hope,Lorena Gale,Kandyse McClure,Connor Widdows,John Mann,Alessandro Juliani"
Coupling,"Jack Davenport,Gina Bellman,Sarah Alexander,Kate Isitt,Ben Miles,Richard Coyle,Richard Mylan,Lou Gish,Olivia Caffrey,Mariella Frostrup,Lloyd Owen,Elizabeth Marmur,Emilia Fox,Adam Astill,Michael Price,Amanda Abbington,Raji James,William Scott-Masson"
Spaced,"Simon Pegg,Jessica Hynes,Julia Deakin,Nick Frost,Mark Heap,Katy Carmichael,Aida the Dog,Lucy Akhurst,Anna Wilson-Jones,Bill Bailey,James Lance,Peter Serafinowicz,Clive Russell,Sally Grace,Rowena Cooper,Michael Smiley,Gemma Padley,Jonathan Ryland"
Dragon Ball,"Brice Armstrong,Steve Olson,Stephanie Nadolny,Zoe Slusar,Christopher Sabat,Tiffany Vollmer,Leda Davies,Mike McFarland,Monika Antonelli,Victor Atelevich,Chris Simms,Bradford Jackson,Mike Thiessen,Laurie Steele,Meredith McCoy,John Burgmeier,Rocío Garcel,Chuck Huber"
Yes Minister,"Paul Eddington,Nigel Hawthorne,Derek Fowlds,Diana Hoddinott,John Nettleton,Neil Fitzwiliam,Arthur Cox,John Savident,John Pennington,Antony Carrick,Robert Dougall,Richard Vernon,Tenniel Evans,John Barron,Ian Lavender,Nigel Stock,Edward Jewesbury,Rosemary Williams"
Shameless,"Emmy Rossum,William H. Macy,Ethan Cutkosky,Jeremy Allen White,Shanola Hampton,Steve Howey,Emma Kenney,Cameron Monaghan,Michael Patrick McGill,Noel Fisher,Jim Hoffmaster,Brenden Sims,Isidora Goreshter,Christian Isaiah,Joan Cusack,Justin Chatwin,Scott Michael Campbell,Kate Miner"
Yeh Meri Family,"Vishesh Bansal,Mona Singh,Akarsh Khurana,Ahan Nirban,Ruhi Khan,Prasad Reddy,Revathi Pillai,Brij Bhushan Shukla,Nishaad Javeri,Burjor Dastur,Jai Shankar Tripathi,Mazda Taraporewala,Abhinay Raj Singh,Dinesh,Mukesh Yadav,Aman Malhotra,Rajiv Kachroo,Vijay Koshy"
Panchayat,"Jitendra Kumar,Raghuvir Yadav,Chandan Roy,Faisal Malik,Neena Gupta,Biswapati Sarkar,Abhinay Raj Singh,Pooja Singh,Subendhu Chakraborty,Sushil Tondon,Mubarak Khan,Kamal Rai,Govind Lobhani,Bal Mukund Rai,Salim Ansari,Mohd. Shakir,Dinesh Tiwaru,Kailash Karoshiya"
Dragon Ball,"Masako Nozawa,Jôji Yanami,Brice Armstrong,Stephanie Nadolny,Hiromi Tsuru,Mayumi Tanaka,Tôru Furuya,Naoko Watanabe,Kôhei Miyauchi,Naoki Tatsuta,Mami Koyama,Kenji Utsumi,Hirotaka Suzuoki,Noeli Santisteban,Daisuke Gôri,Takeshi Aono,Tesshô Genda,Hiroko Emori"
Jujutsu Kaisen,"Junya Enoki,Adam McArthur,Yûichi Nakamura,Yuma Uchida,Asami Seto,Mitsuo Iwata,Chris Tergliafera,Nobunaga Shimazaki,Tomokazu Seki,Mikako Komatsu,Koki Uchiyama,Jun'ichi Suwabe,Tara Sands,Kenjirô Tsuda,Shigeru Chiba,Takaya Kuroda,Amber Lee Connors,Takahiro Sakurai"
Flight of the Conchords,"Jemaine Clement,Bret McKenzie,Rhys Darby,Kristen Schaal,Arj Barker,Frank Wood,Eugene Mirman,David Costabile,Sutton Foster,Rachel Blanchard,Brian Sergent,Adrian Martinez,Lenny Venito,José Ramón Rosario,Kelly Taffe,Victor Williams,Will Forte,Aziz Ansari"
Sarabhai V/S Sarabhai,"Satish Shah,Ratna Pathak Shah,Sumeet Raghavan,Rupali Ganguly,Rajesh Kumar,Ghanshyam Nayak,Deven Bhojani,Arvind Vaidya,Shilpa Mehta,Rita Bhaduri,Sheetal Thakkar,Vaibhavi Upadhyaya,Aishwarya Sakhuja,Gurpal Singh,Gerald Stone,Aatish Kapadia,Jamnadas Majethia,Meher Acharia-Dar"
Justice League,"Carl Lumbly,Phil LaMarr,Michael Rosenbaum,George Newbern,Maria Canals-Barrera,Kevin Conroy,Susan Eisenberg,Jason Marsden,Mark Hamill,Clancy Brown,Corey Burton,Jennifer Hale,Phil Morris,Olivia d'Abo,Susan Sullivan,Richard Doyle,Brian George,Kevin Michael Richardson"
The Newsroom,"Jeff Daniels,Emily Mortimer,John Gallagher Jr.,Alison Pill,Thomas Sadoski,Dev Patel,Olivia Munn,Sam Waterston,Chris Chalk,Margaret Judson,Adina Porter,John F. Carpenter,Thomas Matthews,Trieu Tran,Charlie Weirauch,Wynn Everett,Riley Voelkel,Chris Messina"
Crash Landing on You,"Hyun Bin,Son Ye-jin,Seo Ji-hye,Kim Jung-hyun,Yang Kyung-won,Yoo Su-bin,Lee Sin-young,Tang Joon-sang,Kim Sun-young,Kim Jung-nan,Jang So-yeon,Cha Cheong-hwa,Oh Man-seok,Park Hyoung-soo,Go Gyu-pil,Park Myeong-hoon,Kim Young-min,Hwang Woo-seul-hye"
The Bugs Bunny Show,"Mel Blanc,Joe Bronx,Pinto Colvig,June Foray,Jim Backus,Hal Smith,Bea Benaderet,Daws Butler,Stan Freberg,Billy Bletcher,B.J. Ward,Julie Bennett,Joan Gerber,Ben Frommer,Arthur Q. Bryan"
The Queen's Gambit,"Anya Taylor-Joy,Chloe Pirrie,Bill Camp,Marcin Dorocinski,Marielle Heller,Thomas Brodie-Sangster,Moses Ingram,Harry Melling,Isla Johnston,Janina Elkin,Matthew Dennis Lewis,Russell Dennis Lewis,Patrick Kennedy,Christiane Seidel,Jacob Fortune-Lloyd,Akemnji Ndifornyen,Annabeth Kelly,Dolores Carbonari"
Impractical Jokers,"Brian Quinn,James Murray,Sal Vulcano,Joe Gatto,Casey Jost,Rob Emmer,Drew Patterson,Bill St. James,Joey Fatone,John Szeluga,Cole Weber,Frank Contacessa,Jay Miller,Daniel Cast,Chase Dominick,Johnna Scrabis,Steven Hopper,Andrew Hood"
The Eric Andre Show,"Eric André,Hannibal Buress,Robert Smith,Tom Ato,Early McCalister,Pfelton Sutton,Jerry Wheeler,Adora Dei,John Bueno,JV Smith,Jermaine Fowler,Tom Kane,Felipe Esparza,Duane R. Shepard Sr.,Don Peake,Sumiyo Iwasawa,Emilio Palame,Harold Cannon"
Poirot,"David Suchet,Hugh Fraser,Philip Jackson,Pauline Moran,David Yelland,Zoë Wanamaker,Richard Bebb,George Little,Phillip Manikum,Jona Jones,Patrick Ryecart,Nicholas Farrell,Barbara Barnes,John Carson,Richard Hope,Richard Durden,Sean Pertwee,Beatie Edney"
Ramayan,"Arun Govil,Deepika Chikhalia,Sunil Lahri,Arvind Trivedi,Dara Singh Randhawa,Sanjay Jog,Sameer Rajda,Shyamsundar Kalani,Vijay Arora,Bal Dhuri,Jayshree Gadkar,Padma Khanna,Rajni Bala,Mukesh Rawal,Nalin Dave,Aparajita,Lalita Pawar,Renu Dhariwal"
Justified,"Timothy Olyphant,Nick Searcy,Joelle Carter,Jacob Pitts,Erica Tazel,Walton Goggins,Natalie Zea,Jere Burns,David Meunier,Jonathan Kowalsky,Rick Gomez,Raymond J. Barry,Jesse Luken,Damon Herriman,Jeremy Davies,Justin Welborn,Mykelti Williamson,Kaitlyn Dever"
Mr. Bean,"Rowan Atkinson,Robin Driscoll,Matilda Ziegler,Matthew Ashforde,Roger Sloman,Susie McKenna,Nick Hancock,C.J. Allen,Rupert Vansittart,Howard Goodall,Hugo Mendez,Christopher Driscoll,Rupert Bates,Paul Bown,Angus Deayton,Dave O'Higgins,Richard Wilson,Michael Fenton Stevens"
Anne with an E,"Amybeth McNulty,Geraldine James,R.H. Thomson,Dalila Bela,Lucas Jade Zumann,Corrine Koslo,Helen Johns,Aymeric Jett Montaz,Kyla Matthews,Jonathan Holmes,Lia Pappas-Kemps,Jacob Ursomarzo,Dalmar Abuzeid,Miranda McKeon,Jacob Horsley,Glenna Walters,Christian Martyn,Philip Williams"
Behzat Ç.: Bir Ankara Polisiyesi,"Erdal Besikçioglu,Inanç Konukçu,Ege Aydan,Berkan Sal,Mustafa Balci,Ayça Eren,Fatih Artman,Seda Bakan,Eray Eserol,Berke Üzrek,Zeynep Koltuk,Canan Erguder,Hakan Hatipoglu,Elvin Besikcioglu,Nejat Isler,Güven Kiraç,Pelinsu Pir,Ayça Varlier"
Boardwalk Empire,"Steve Buscemi,Kelly Macdonald,Michael Shannon,Shea Whigham,Stephen Graham,Vincent Piazza,Michael Kenneth Williams,Paul Sparks,Gretchen Mol,Michael Stuhlbarg,Anthony Laciura,Jack Huston,Anatol Yusef,Brady Noon,Connor Noon,Lucy Gallina,Josie Gallina,Declan McTigue"
Adventure Time,"John DiMaggio,Jeremy Shada,Tom Kenny,Hynden Walch,Niki Yang,Pendleton Ward,Dee Bradley Baker,Maria Bamford,Steve Little,Olivia Olson,Kent Osborne,Cole Sanchez,Polly Lou Livingston,Jessica DiCicco,Andy Milonakis,Jackie Buscarino,Tom Herpich,Justin Roiland"
The Haunting of Hill House,"Michiel Huisman,Carla Gugino,Henry Thomas,Elizabeth Reaser,Oliver Jackson-Cohen,Kate Siegel,Victoria Pedretti,Lulu Wilson,Mckenna Grace,Paxton Singleton,Julian Hilliard,Violet McGraw,Timothy Hutton,Anthony Ruivivar,Samantha Sloyan,Annabeth Gish,Robert Longstreet,Olive Elise Abercrombie"
Westworld,"Evan Rachel Wood,Jeffrey Wright,Ed Harris,Thandiwe Newton,Tessa Thompson,James Marsden,Luke Hemsworth,Angela Sarafyan,Anthony Hopkins,Simon Quarterman,Aaron Paul,Rodrigo Santoro,Shannon Woodward,Jimmi Simpson,Talulah Riley,Ptolemy Slocum,Leonardo Nam,Ingrid Bolsø Berdal"
QI,"Alan Davies,Stephen Fry,Sandi Toksvig,Phill Jupitus,Bill Bailey,Jimmy Carr,Jo Brand,David Mitchell,Sean Lock,Rich Hall,Ross Noble,Jason Manford,Josh Widdicombe,Aisling Bea,Clive Anderson,Sue Perkins,Rob Brydon,Holly Walsh"
Making a Murderer,"Steven Avery,Dolores Avery,Laura Nirider,Allan Avery,Jerry Buting,Dean Strang,Kathleen Zellner,Barb Tadych,Ken Kratz,Brendan Dassey,Len Kachinsky,Kim Ducat,Steven Drizin,Sandra Greenman,Stephen Glynn,Peter Dassey,Chuck Avery,Robert Dvorak"
The Return of Sherlock Holmes,"Jeremy Brett,Edward Hardwicke,Rosalie Williams,Colin Jeavons,Denis Lill,Eric Sykes,Harry Andrews,Clive Francis,Alan Howard,James Hazeldine,Eric Porter,Paul Williamson,Freddie Jones,Charles Gray,Peter Barkworth,Denis Quilley,Patricia Hodge,Michael Culver"
Dopesick,"Michael Keaton,Peter Sarsgaard,Michael Stuhlbarg,Will Poulter,John Hoogenakker,Kaitlyn Dever,Rosario Dawson,Will Chase,Mare Winningham,Ian Unterman,Jake McDorman,Phillipa Soo,Brendan Patrick Connor,Andrea Frankle,Lawrence Arancio,Arischa Conner,Raúl Esparza,Winsome Brown"
Mystery Science Theater 3000,"Joel Hodgson,Michael J. Nelson,Trace Beaulieu,Kevin Murphy,Jim Mallon,Frank Conniff,Mary Jo Pehl,Bill Corbett,Patrick Brantseg,Alexandra Carr,Paul Chaplin,J. Elvis Weinstein,Bridget Jones,Beez McKeever,Peter Rudrud,Bradley J. Keely,Nathan Molstead,Timothy Scott"
Blackadder the Third,"Rowan Atkinson,Tony Robinson,Hugh Laurie,Helen Atkinson Wood,Robbie Coltrane,Hugh Paddick,Miranda Richardson,Stephen Fry,Tim McInnerny,Kenneth Connor,Vincent Hanna,Warren Clarke,Nigel Planer,Denis Lill,Gertan Klauber,Lee Cornes,Chris Barrie,Ben Elton"
Mindhunter,"Jonathan Groff,Holt McCallany,Anna Torv,Hannah Gross,Sonny Valicenti,Stacey Roca,Joe Tuttle,Zachary Scott Ross,Cotter Smith,Albert Jones,Lauren Glazier,Michael Cerveris,Dohn Norwood,Gareth Williams,June Carryl,Cameron Britton,Nate Corddry,Sierra Aylina McClain"
Monster,"Hidenobu Kiuchi,Liam O'Brien,Mamiko Noto,Karen Strassman,Nozomu Sasaki,Tsutomu Isobe,Richard Epcar,Junko Takeuchi,Keith Silverstein,Ichirô Nagai,Mami Koyama,Tara Platt,Michael McConnohie,Paul St. Peter,Takayuki Sugô,Hideyuki Tanaka,Laura Bailey,Patrick Seitz"
Lonesome Dove,"Robert Duvall,Tommy Lee Jones,Danny Glover,Diane Lane,Robert Urich,Frederic Forrest,D.B. Sweeney,Ricky Schroder,Anjelica Huston,Chris Cooper,Timothy Scott,Glenne Headly,Barry Corbin,William Sanderson,Barry Tubb,Gavan O'Herlihy,Steve Buscemi,Frederick Coffin"
It's a Sin,"Olly Alexander,Nathaniel Curtis,Shaun Dooley,Omari Douglas,Lydia West,Keeley Hawes,Neil Ashton,Callum Scott Howells,Toto Bruin,David Carlyle,Tracy Ann Oberman,Delroy Brown,Shaniqua Okwok,Michelle Greenidge,Andria Doherty,Stephen Fry,Ken Christiansen,David Gregan-Jones"
Formula 1: Drive to Survive,"Lewis Hamilton,Daniel Ricciardo,Max Verstappen,Sebastian Vettel,Kimi Räikkönen,Sergio Pérez,Carlos Sainz,Charles Leclerc,Will Buxton,Valtteri Bottas,Kevin Magnussen,Pierre Gasly,Lance Stroll,Esteban Ocon,Lando Norris,George Russell,Toto Wolff,Romain Grosjean"
Blackadder II,"Rowan Atkinson,Tony Robinson,Tim McInnerny,Miranda Richardson,Stephen Fry,Patsy Byrne,Tony Aitken,Hugh Laurie,Miriam Margolyes,Tom Baker,Ronald Lacey,Gabrielle Glaister,Holly De Jong,Rik Mayall,Simon Jones,Cassie Stuart,Bill Wallis,Max Harvey"
Gomorrah,"Salvatore Esposito,Marco D'Amore,Ivana Lotito,Cristiana Dell'Anna,Alessandro Palladino,Fortunato Cerlino,Arturo Muselli,Roberto Oliveri,Fabio De Caro,Cristina Donadio,Christian Giroso,Giovanni Buselli,Vincenzo Fabricino,Riccardo Ciccarelli,Carmine Monaco,Lino Musella,Gianni Spezzano,Francesco Capriello"
Naruto: Shippûden,"Junko Takeuchi,Maile Flanagan,Kate Higgins,Chie Nakamura,Dave Wittenberg,Kazuhiko Inoue,Kyle Hebert,Yuri Lowenthal,Noriaki Sugiyama,Masako Katsuki,Debi Mae West,Colleen O'Shaughnessey,Steve Blum,Stephanie Sheh,Shôtarô Morikubo,Tom Gibis,Rikiya Koyama,Troy Baker"
Yellowstone,"Kevin Costner,Luke Grimes,Kelly Reilly,Wes Bentley,Cole Hauser,Kelsey Asbille,Brecken Merrill,Jefferson White,Gil Birmingham,Forrie J. Smith,Denim Richards,Ian Bohen,Mo Brings Plenty,Jake Ream,Ryan Bingham,Danny Huston,Jen Landon,Wendy Moniz"
This Is Us,"Sterling K. Brown,Justin Hartley,Susan Kelechi Watson,Milo Ventimiglia,Mandy Moore,Chrissy Metz,Chris Sullivan,Eris Baker,Faithe Herman,Jon Huertas,Hannah Zeile,Niles Fitch,Logan Shroyer,Mackenzie Hancsicsak,Parker Bates,Lonnie Chavis,Lyric Ross,Ron Cephas Jones"
Archer,"H. Jon Benjamin,Judy Greer,Amber Nash,Chris Parnell,Aisha Tyler,Jessica Walter,Lucky Yates,Adam Reed,Dave Willis,George Coe,Tom Kane,Jeffrey Tambor,Peter Newman,Maggie Wheeler,Leigh Jackson,Christian Slater,Ron Leibman,Neal Holman"
Atlanta,"Donald Glover,Brian Tyree Henry,LaKeith Stanfield,Zazie Beetz,Khris Davis,RJ Walker,Harold House Moore,Matthew Barnes,Myra Lucretia Taylor,Cranston Johnson,Griffin Freeman,Derrick Haywood,Brandon Hirsch,Diane Sellers,Emmett Hunter,Monique Grant,Dennis L.A. White,Rick Holmes"
Haikyuu!!,"Ayumu Murase,Kaito Ishikawa,Yu Hayashi,Satoshi Hino,Miyu Irino,Koki Uchiyama,Sôma Saitô,Nobuhiko Okamoto,Yoshimasa Hosoya,Hiroshi Kamiya,Toshiki Masuda,Bryson Baugus,Adam Gibbs,Scott Gibbs,Greg Cote,Justin Doran,Gabriel Regojo,Blake Shepard"
Young Justice,"Nolan North,Danica McKellar,Stephanie Lemelin,Jesse McCartney,Khary Payton,Jason Spisak,Zehra Fazal,Kevin Michael Richardson,Troy Baker,Bruce Greenwood,Crispin Freeman,Masasa Moyo,Grey Griffin,Greg Cipes,Phil LaMarr,Lacey Chabert,Eric Lopez,Dee Bradley Baker"
Demon Slayer: Kimetsu no Yaiba,"Natsuki Hanae,Yoshitsugu Matsuoka,Hiro Shimono,Akari Kitô,Zach Aguilar,Abby Trott,Shinya Takahashi,Aleks Le,Bryce Papenbrook,Katsuyuki Konishi,Doug Erholtz,Johnny Yong Bosch,Brook Chalmers,Takahiro Sakurai,Saori Hayami,Satoshi Hino,Takumi Yamazaki,Erika Harlacher"
Code Geass,"Jun Fukuyama,Takahiro Sakurai,Johnny Yong Bosch,Yukana,Ami Koshimizu,Yuri Lowenthal,Kate Higgins,Karen Strassman,Brian Beacock,Noriaki Sugiyama,Tetsu Shiratori,Akeno Watanabe,Liam O'Brien,Sayaka Ôhara,Kikuko Inoue,Mitsuaki Madono,Kirk Thornton,Deborah Sale Butler"
Daredevil,"Charlie Cox,Vincent D'Onofrio,Deborah Ann Woll,Elden Henson,Royce Johnson,Geoffrey Cantor,Jay Ali,Jon Bernthal,Stephen Rider,Wilson Bethel,Ayelet Zurer,Peter McRobbie,Amy Rutberg,Elodie Yung,Toby Leonard Moore,Joanne Whalley,Vondie Curtis-Hall,Bob Gunton"
Father Ted,"Dermot Morgan,Ardal O'Hanlon,Frank Kelly,Pauline McLynn,Tony Guilfoyle,Patrick Drury,Rynagh O'Grady,Maurice O'Donoghue,Arthur Mathews,Don Wycherley,Pat Shortt,Jim Norton,Graham Norton,Don Foley,Paul Woodfull,Joe Taylor,Tom Farrelly,Rosemary Henderson"
The Bridge,"Sofia Helin,Rafael Pettersson,Sarah Boberg,Dag Malmberg,Kim Bodnia,Puk Scharbau,Thure Lindhardt,Lars Simonsen,Gabriel Flores Jair,Henrik Lundström,Maria Kulle,Julie Carlsen,Emil Birk Hartmann,Anette Lindbäck,Said William Legue,Kristina Brändén Whitaker,Lotte Munk,Vickie Bak Laursen"
The Jinx: The Life and Deaths of Robert Durst,"Andrew Jarecki,Robert Durst,Gary Napoli,Jeanine Pirro,Debra Kay Anderson,Kevin J. Hynes,Dick DeGuerin,Michael Simon Hall,Chelsea Gonzalez,Marc Smerling,Susan Berman,Jeszenia Jimenez,Cody Cazalas,Gilberte Najamy,Sareb Kaufman,Ellen Strauss,Charles Bagli,Eric Rizk"
Deadwood,"Timothy Olyphant,Ian McShane,Molly Parker,Brad Dourif,W. Earl Brown,John Hawkes,Paula Malcomson,Dayton Callie,Leon Rippy,William Sanderson,Robin Weigert,Sean Bridgers,Bree Seanna Wall,Jim Beaver,Jeffrey Jones,Kim Dickens,Powers Boothe,Titus Welliver"
Justice League Unlimited,"George Newbern,Kevin Conroy,Phil LaMarr,Carl Lumbly,Susan Eisenberg,Clancy Brown,Michael Rosenbaum,Maria Canals-Barrera,Kin Shriner,CCH Pounder,Lex Lang,Nicholle Tom,Juliet Landau,Jennifer Hale,Michael Beach,Robert Foxworth,Chris Cox,Powers Boothe"
Berserk,"Marc Diraison,Nobutoshi Canna,Carrie Keranen,Kevin T. Collins,Unshô Ishizuka,Carla Tassara,Jon Avner,Yûko Miyamura,Akira Ishida,Tomohiro Nishimura,Toshiyuki Morikawa,Christopher Kromer,Akiko Yajima,Marc Sebastian,Masuo Amada,Jeff Ward,Michelle Newman,Eiji Sekiguchi"
The Thick of It,"Chris Addison,James Smith,Peter Capaldi,Joanna Scanlan,Rebecca Front,Roger Allam,Will Smith,Olivia Poulet,Vincent Franklin,Ben Willbond,Polly Kemp,Lucinda Raikes,Chris Langham,Justin Edwards,Tony Gardner,Samantha Harrington,Geoffrey Streatfeild,Alex Macqueen"
Line of Duty,"Martin Compston,Vicky McClure,Adrian Dunbar,Craig Parkinson,Gregory Piper,Aiysha Hart,Maya Sondhi,Keeley Hawes,Nigel Boyle,Polly Walker,Paul Higgins,Anneika Rose,Neil Morrissey,Tomi May,Ace Bhatti,Elizabeth Rider,Tony Pitts,Owen Teale"
Dexter,"Michael C. Hall,Jennifer Carpenter,David Zayas,James Remar,C.S. Lee,Luna Lauren Velez,Desmond Harrington,Julie Benz,Christina Robinson,Geoff Pierson,Preston Bailey,Aimee Garcia,Luke Andrew Kruntchev,Erik King,Evan George Kruntchev,Dana L. Wilson,Yvonne Strahovski,David Ramsey"
The Grand Tour,"Jeremy Clarkson,James May,Richard Hammond,Abbie Eaton,Mike Skinner,Simon Pegg,David Hasselhoff,Kiefer Sutherland,Paris Hilton,Jimmy Carr,John Surtees,Jérôme d'Ambrosio,Johan Ackermann,Tim Burton,Roger Daltrey,Michael Ball,Brian Johnson,Casey Anderson"
Aspirants,"Naveen Kasturia,Shivankit Singh Parihar,Abhilash Thapliyal,Sunny Hinduja,Namita Dubey,Kuljeet Singh,Bijou Thaangjam,Abhishek Solanki,Neetu Jhanjhi,Nupur Nagpal,Darius Chinoy,Udit Kulshrestha,Arpit Bhatia,Rahul Bharadwaj,Preeti Agarwal Mehta,Abhishek Yadav,Shivam Kakar,Raksha Kumawat"
The X-Files,"David Duchovny,Gillian Anderson,Mitch Pileggi,William B. Davis,Robert Patrick,Tom Braidwood,Bruce Harwood,Dean Haglund,Annabeth Gish,Nicholas Lea,James Pickens Jr.,Sheila Larken,Chris Owens,Don S. Williams,Steven Williams,Jerry Hardin,Laurie Holden,Rebecca Toolan"
Peep Show,"David Mitchell,Robert Webb,Matt King,Olivia Colman,Neil Fitzmaurice,Isy Suttie,Paterson Joseph,Sophie Winkleman,Jim Howick,Rachel Blanchard,Elizabeth Marmur,Vera Graziadei,Camilla Beeput,Emily Bruni,Paul Clayton,Cariad Lloyd,Catherine Shepherd,Endy McKay"
The Adventures of Sherlock Holmes,"Jeremy Brett,David Burke,Rosalie Williams,Eric Porter,Gayle Hunnicutt,Rosalind Knight,Jeremy Kemp,Barbara Wilshere,David Gwillim,Tenniel Evans,Norman Jones,Joss Ackland,Charles Gray,Nicholas Clay,Rosalie Crutchley,Roger Hammond,Wolf Kahler,John Castle"
Top Gear,"Jeremy Clarkson,Richard Hammond,James May,The Stig,Ben Collins,Chris Harris,Matt LeBlanc,Andrew Flintoff,Paddy McGuinness,Rory Reid,Perry McCarthy,Sabine Schmitz,Jason Dawe,Andy Wilman,Chris Evans,Josh Cohen,Tom Chilton,Eddie Jordan"
Star Trek: The Next Generation,"Patrick Stewart,Brent Spiner,Jonathan Frakes,LeVar Burton,Marina Sirtis,Michael Dorn,Gates McFadden,Majel Barrett,Wil Wheaton,Colm Meaney,James G. Becker,Denise Crosby,Whoopi Goldberg,Diana Muldaur,Patti Yasutake,Nora Leonhardt,Dennis Madalone,Michelle Forbes"
Parks and Recreation,"Amy Poehler,Jim O'Heir,Nick Offerman,Chris Pratt,Aubrey Plaza,Aziz Ansari,Retta,Rashida Jones,Adam Scott,Rob Lowe,Jay Jackson,Paul Schneider,Ben Schwartz,Mo Collins,Yvans Jourdain,Jon Glaser,Billy Eichner,James Greene"
Friday Night Lights,"Kyle Chandler,Connie Britton,Zach Gilford,Aimee Teegarden,Brad Leland,Taylor Kitsch,Jesse Plemons,Derek Phillips,Blue Deckert,Minka Kelly,Adrianne Palicki,Timothy F. Crowley,Louanne Stephens,Stacey Oristano,Scott Porter,Gaius Charles,David Cowgill,Gary Teague"
One Piece,"Mayumi Tanaka,Tony Beck,Laurent Vernin,Akemi Okamura,Kappei Yamaguchi,Kazuya Nakai,Hiroaki Hirata,Ikue Ôtani,Colleen Clinkenbeard,Mahito Ôba,Yuriko Yamaguchi,Kazuki Yao,Chikao Ôtsuka,Luci Christian,Christopher Sabat,Sonny Strait,Eric Vale,Chô"
The Boys,"Karl Urban,Jack Quaid,Antony Starr,Erin Moriarty,Dominique McElligott,Jessie T. Usher,Laz Alonso,Chace Crawford,Tomer Capone,Karen Fukuhara,Nathan Mitchell,Colby Minifie,Aya Cash,Laila Robins,Claudia Doumit,Giancarlo Esposito,Langston Kerman,Cameron Crovetti"
Mad Men,"Jon Hamm,Elisabeth Moss,Vincent Kartheiser,January Jones,Christina Hendricks,Aaron Staton,Rich Sommer,John Slattery,Kiernan Shipka,Robert Morse,Christopher Stanley,Jessica Paré,Jay R. Ferguson,Michael Gladis,Bryan Batt,Alison Brie,Jared Harris,Kevin Rahm"
Vinland Saga,"Ryan Bartley,Kellen Goff,Keith Silverstein,Allegra Clark,Ben Diskin,Zach Aguilar,Ray Chase,J. Michael Tatum,Kira Buckland,Patrick Seitz,Abby Trott,SungWon Cho,Debi Derryberry,D.C. Douglas,Sean Chiplock,Brianna Knickerbocker,Aleks Le,Billy Kametz"
House of Cards,"Kevin Spacey,Michel Gill,Robin Wright,Kate Mara,Michael Kelly,Justin Doescher,Derek Cecil,Jayne Atkinson,Nathan Darrow,Mahershala Ali,Boris McGiver,Paul Sparks,Molly Parker,Neve Campbell,Jeremy Holm,Marla Aaron Wapner,Nini Le Huynh,Gregory Divers"
The Marvelous Mrs. Maisel,"Rachel Brosnahan,Alex Borstein,Michael Zegen,Marin Hinkle,Tony Shalhoub,Matteo Pascale,Matilda Szydagis,Kevin Pollak,Nunzio Pascale,Caroline Aaron,Joel Johnstone,Bailey De Young,Brian Tarantina,Luke Kirby,Jane Lynch,Stephanie Hsu,Cynthia Darlow,LeRoy McClain"
The Crown,"Claire Foy,Olivia Colman,Imelda Staunton,Matt Smith,Tobias Menzies,Jonathan Pryce,Lesley Manville,Elizabeth Debicki,Dominic West,Senan West,Charles Edwards,Marion Bailey,Victoria Hamilton,Helena Bonham Carter,Vanessa Kirby,Pip Torrens,Sam Phillips,Erin Doherty"
Fleabag,"Phoebe Waller-Bridge,Sian Clifford,Olivia Colman,Jenny Rainsford,Bill Paterson,Brett Gelman,Andrew Scott,Hugh Skinner,Ben Aldridge,Hugh Dennis,Jamie Demetriou,Kae Alexander,Anthony Welsh,Ray Fearon,Christian Hillborg,David Hargreaves,Angus Imrie,Christopher Colquhoun"
Battlestar Galactica,"Edward James Olmos,Mary McDonnell,Jamie Bamber,James Callis,Tricia Helfer,Grace Park,Katee Sackhoff,Michael Hogan,Aaron Douglas,Tahmoh Penikett,Alessandro Juliani,Kandyse McClure,Bodie Olmos,Donnelly Rhodes,Michael Trucco,Nicki Clyne,Leah Cairns,Rekha Sharma"
Downton Abbey,"Hugh Bonneville,Phyllis Logan,Elizabeth McGovern,Brendan Coyle,Laura Carmichael,Jim Carter,Michelle Dockery,Joanne Froggatt,Robert James-Collier,Sophie McShera,Lesley Nicol,Maggie Smith,Penelope Wilton,Kevin Doyle,Allen Leech,David Robb,Dan Stevens,Siobhan Finneran"
Invincible,"Steven Yeun,J.K. Simmons,Sandra Oh,Zazie Beetz,Grey Griffin,Kevin Michael Richardson,Walton Goggins,Gillian Jacobs,Zachary Quinto,Andrew Rannells,Jason Mantzoukas,Khary Payton,Chris Diamantopoulos,Melise,Mark Hamill,Ross Marquand,Clancy Brown,Fred Tatasciore"
Steins;Gate,"Mamoru Miyano,Asami Imai,Kana Hanazawa,Ashly Burch,J. Michael Tatum,Trina Nishimura,Tomokazu Seki,Tyson Rinehart,Cherami Leigh,Yukari Tamura,Saori Gotô,Yû Kobayashi,Masaki Terasoma,Jessica Cavanagh,Christopher Sabat,Lindsay Seidel,Haruko Momoi,Ayano Yamamoto"
House,"Hugh Laurie,Omar Epps,Robert Sean Leonard,Jesse Spencer,Lisa Edelstein,Bobbin Bergstrom,Jennifer Morrison,Peter Jacobson,Olivia Wilde,Kal Penn,Odette Annable,Charlyne Yi,Anne Dudek,Jennifer Crystal Foley,Amber Tamblyn,Liz Benoit,Stephanie Venditto,Sela Ward"
Oz,"Ernie Hudson,J.K. Simmons,Lee Tergesen,Dean Winters,George Morfogen,Terry Kinney,Rita Moreno,Harold Perrineau,Eamonn Walker,Craig muMs Grant,Luna Lauren Velez,Granville Adams,Tom Mardirosian,Kirk Acevedo,BD Wong,Chuck Zito,Philip Scozzarella,Scott William Winters"
Six Feet Under,"Peter Krause,Michael C. Hall,Frances Conroy,Lauren Ambrose,Freddy Rodríguez,Mathew St. Patrick,Rachel Griffiths,Justina Machado,Jeremy Sisto,Brenna Tosh,Bronwyn Tosh,James Cromwell,Lili Taylor,Ben Foster,Joanna Cassidy,Richard Jenkins,Giancarlo Rodriguez,Ed O'Ross"
Dark,"Louis Hofmann,Karoline Eichhorn,Lisa Vicari,Maja Schöne,Jördis Triebel,Andreas Pietschmann,Stephan Kampwirth,Paul Lux,Christian Hutcherson,Oliver Masucci,Moritz Jahn,Peter Benedict,Gina Stiebitz,Deborah Kaufmann,Daan Lennard Liebrenz,Julika Jenkins,Carlotta von Falkenhayn,Tamar Pelzig"
The Shield,"Michael Chiklis,Michael Jace,Jay Karnes,CCH Pounder,Walton Goggins,Benito Martinez,Catherine Dent,Cathy Cahlin Ryan,David Rees Snell,Kenny Johnson,David Marciano,Autumn Chiklis,Paula Garcés,Michele Hicks,Melanie Myers,Joel Rosenthal,Matt Corboy,Chaney Kley"
Stranger Things,"Millie Bobby Brown,Finn Wolfhard,Winona Ryder,David Harbour,Gaten Matarazzo,Caleb McLaughlin,Natalia Dyer,Charlie Heaton,Joe Keery,Cara Buono,Noah Schnapp,Sadie Sink,Priah Ferguson,Joe Chrest,Matthew Modine,Dacre Montgomery,Maya Hawke,Brett Gelman"
Over the Garden Wall,"Elijah Wood,Collin Dean,Melanie Lynskey,Christopher Lloyd,Samuel Ramey,Jack Jones,John Cleese,Emily Brundige,Shirley Jones,Fred Stoller,Cole Sanchez,Sam Marin,Chris Isaak,Janet Klein,Tim Curry,Bebe Neuwirth,Noureen DeWulf,Deborah Voigt"
One Punch Man,"Makoto Furukawa,Kaito Ishikawa,Max Mittelman,Zach Aguilar,Hiromichi Tezuka,Robbie Daymond,Kyle Hebert,Shôta Yamamoto,Yôji Ueda,Sean Chiplock,Yoshiaki Hasegawa,Kirk Thornton,Shin'ya Hamazoe,Bill Rogers,Hikaru Midorikawa,Ben Lepley,Ben Pronsky,Koichi Soma"
Kota Factory,"Mayur More,Jitendra Kumar,Ranjan Raj,Alam Khan,Revathi Pillai,Urvi Singh,Harish Peddinti,Ahsaas Channa,Sameer Saxena,Vaibhav Thakkar,Arun Kumar,Abhishake Jha,Sachin Vidrohi,Jyoti Gauba,Rajesh Kumar,Abhaya Sharma,Jaiti Khera,Avi Singh"
"I, Claudius","Derek Jacobi,John Hurt,Siân Phillips,Brian Blessed,George Baker,Margaret Tyzack,James Faulkner,Patricia Quinn,Patrick Stewart,Fiona Walker,Kevin McNally,Bernard Hepton,Sheila White,John Cater,Frances White,David Robb,Freda Dowie,Roger Bizley"
The Simpsons,"Dan Castellaneta,Nancy Cartwright,Harry Shearer,Julie Kavner,Yeardley Smith,Hank Azaria,Pamela Hayden,Tress MacNeille,Maggie Roswell,Chris Edgerly,Karl Wiedergott,Russi Taylor,Marcia Wallace,Kevin Michael Richardson,Phil Hartman,Joe Mantegna,Maurice LaMarche,Kelsey Grammer"
Arrested Development,"Jason Bateman,Michael Cera,Portia de Rossi,Will Arnett,Alia Shawkat,Tony Hale,David Cross,Jeffrey Tambor,Jessica Walter,Ron Howard,Henry Winkler,John Beard,Liza Minnelli,Mae Whitman,Justin Grant Wade,Ed Begley Jr.,Isla Fisher,Maria Bamford"
Ted Lasso,"Jason Sudeikis,Brett Goldstein,Brendan Hunt,Nick Mohammed,Hannah Waddingham,Jeremy Swift,Phil Dunster,Juno Temple,Toheeb Jimoh,Kola Bokinni,Billy Harris,Stephen Manas,Cristo Fernández,Moe Jeudy-Lamour,Annette Badland,Adam Colborne,Bronson Webb,Kevin Garry"
Rome,"Kevin McKidd,Ray Stevenson,Polly Walker,Kerry Condon,James Purefoy,Ian McNeice,Coral Amiga,Lindsay Duncan,Lidia Biondi,Tobias Menzies,Nicholas Woodeson,David Bamber,Chiara Mastalli,Manfredi Aliquo,Indira Varma,Suzanne Bertish,Max Pirkis,Lee Boardman"
The Mandalorian,"Pedro Pascal,Carl Weathers,Barry Lowin,Gina Carano,Giancarlo Esposito,Chris Bartlett,Misty Rosas,Omid Abtahi,Temuera Morrison,Ming-Na Wen,Katy M. O'Brian,Rio Hackford,Leilani Shiu,Amy Sedaris,Nick Nolte,Werner Herzog,Taika Waititi,Emily Swallow"
Chappelle's Show,"Dave Chappelle,Donnell Rawlings,Rudy Rush,Charlie Murphy,Neal Brennan,Yasiin Bey,Randy Pearlstein,Melle Powers,Greer Barnes,Blaire Reinhard,Yoshio Mita,Paul Mooney,Guillermo Díaz,William Bogert,Sophina Brown,Questlove,Bryan Olsen,Bill Burr"
Leyla and Mecnun,"Ali Atay,Serkan Keskin,Ahmet Mümtaz Taylan,Osman Sonant,Cengiz Bozkurt,Köksal Engür,Ege Tanman,Nalan Kuruçim,Engin Günay,Neslihan Aker,Istar Gökseven,Sebahat Adalar,Safak Pekdemir,Güliz Gençoglu,Mehmet Usta,Sarp Aydinoglu,Ipek Türktan,Acelya Devrim Yilhan"
1883,"Sam Elliott,Tim McGraw,Faith Hill,Isabel May,LaMonica Garrett,Marc Rissmann,Audie Rick,James Landry Hébert,Gratiela Brancusi,Malcolm Stephenson,Anna Fiamora,Amanda Jaros,Jordan Walker Ross,Konstantin Melikhov,Eric Nelsen,Noah Le Gros,Josef Bette,Eric Bear"
South Park,"Trey Parker,Matt Stone,Isaac Hayes,Mona Marshall,April Stewart,Adrien Beard,Eliza Schneider,Jennifer Howell,Jessica Makinson,Mary Kay Bergman,Omaira Coromoto Rivero,Sergio Sáez,Kyle McCulloch,Betty Boogie Parker,Vernon Chatman,John 'Nancy' Hansen,Elisa Gabrielli,Jonathan Kimmel"
Dragon Ball Z,"Jôji Yanami,Kyle Hebert,Masako Nozawa,Sean Schemmel,Christopher Sabat,Mayumi Tanaka,Sonny Strait,Stephanie Nadolny,Toshio Furukawa,Ryô Horikawa,Hiromi Tsuru,Tiffany Vollmer,Mike McFarland,Cynthia Cranz,Hirotaka Suzuoki,Daisuke Gôri,Takeshi Kusao,Tôru Furuya"
Dragon Ball Z,"Doc Harris,Christopher Sabat,Scott McNeil,Sean Schemmel,Terry Klassen,Brian Drummond,Sonny Strait,Stephanie Nadolny,Don Brown,Tiffany Vollmer,Dale Kelly,Cathy Weseluck,Jillian Michaels,Kyle Hebert,Michael Dobson,Kirby Morrow,Ted Cole,Cynthia Cranz"
BoJack Horseman,"Will Arnett,Amy Sedaris,Alison Brie,Aaron Paul,Paul F. Tompkins,Adam Conover,Keith Olbermann,Diedrich Bader,Kristen Schaal,Patton Oswalt,Raphael Bob-Waksberg,Aparna Nancherla,J.K. Simmons,Stanley Tucci,Wendie Malick,Angela Bassett,Rami Malek,Stephanie Beatriz"
Succession,"Nicholas Braun,Brian Cox,Kieran Culkin,Peter Friedman,Matthew Macfadyen,Alan Ruck,Sarah Snook,Jeremy Strong,J. Smith-Cameron,Scott Nicholson,Hiam Abbass,Dagmara Dominczyk,Justine Lupe,Arian Moayed,David Rasche,Rob Yang,Juliana Canfield,Fisher Stevens"
Peaky Blinders,"Cillian Murphy,Paul Anderson,Sophie Rundle,Helen McCrory,Ned Dennehy,Finn Cole,Ian Peck,Natasha O'Keeffe,Harry Kirton,Joe Cole,Packy Lee,Annabelle Wallis,Kate Phillips,Aimee-Ffion Edwards,Tony Pitts,Jordan Bolger,Sam Neill,Benjamin Zephaniah"
The West Wing,"Martin Sheen,Rob Lowe,Allison Janney,John Spencer,Bradley Whitford,Janel Moloney,Richard Schiff,Dulé Hill,NiCole Robinson,Melissa Fitzgerald,Joshua Malina,Stockard Channing,Kim Webster,Kris Murphy,Timothy Davis-Reed,Mary McCormack,William Duffy,Peter James Smith"
Twin Peaks,"Kyle MacLachlan,Michael Ontkean,Mädchen Amick,Dana Ashbrook,Richard Beymer,Lara Flynn Boyle,Sherilyn Fenn,Warren Frost,Peggy Lipton,James Marshall,Everett McGill,Jack Nance,Joan Chen,Kimmy Robertson,Michael Horse,Piper Laurie,Harry Goaz,Eric DaRe"
Blackadder Goes Forth,"Rowan Atkinson,Tony Robinson,Stephen Fry,Hugh Laurie,Tim McInnerny,Gabrielle Glaister,Miranda Richardson,Rik Mayall,Geoffrey Palmer,Jeremy Hardy,Adrian Edmondson,Bill Wallis,Stephen Frost,Hugo Blick,Lee Cornes,Paul Mark Elliott,Jeremy Gittins,Russell Brook"
Black Mirror,"Daniel Lapaine,Hannah John-Kamen,Michaela Coel,Beatrice Robertson-Jones,Charles Babalola,Daniel Kaluuya,Toby Kebbell,Rory Kinnear,Hayley Atwell,Lenora Crichlow,Daniel Rigby,Jon Hamm,Bryce Dallas Howard,Gugu Mbatha-Raw,Kelly Macdonald,Wyatt Russell,Alex Lawther,Malachi Kirby"
Narcos,"Pedro Pascal,Wagner Moura,Boyd Holbrook,Alberto Ammann,Muratcan Savci,Paulina Gaitan,Juan Murcia,Jorge Monterrosa,Damián Alcázar,Francisco Denis,Raúl Méndez,Juan Sebastián Calero,Paulina García,Diego Cataño,Brett Cullen,Julián Díaz,Joanna Christie,Maurice Compte"
Better Call Saul,"Bob Odenkirk,Rhea Seehorn,Jonathan Banks,Patrick Fabian,Michael Mando,Giancarlo Esposito,Michael McKean,Tony Dalton,Kerry Condon,Mark Margolis,Cara Pifko,Jeremiah Bitsui,Dennis Boutsikaris,Rex Linn,Josh Fadem,Julian Bonfiglio,Ray Campbell,John Christian Love"
Fawlty Towers,"John Cleese,Prunella Scales,Andrew Sachs,Connie Booth,Ballard Berkeley,Gilly Flower,Renee Roberts,Brian Hall,Terence Conoley,Elizabeth Benson,George Lee,Bernard Cribbins,Michael Gwynn,André Maranne,Geoffrey Palmer,Nicky Henson,Bruce Boa,Ken Campbell"
Pride and Prejudice,"Colin Firth,Jennifer Ehle,Susannah Harker,Julia Sawalha,Alison Steadman,Benjamin Whitrow,Crispin Bonham-Carter,Polly Maberly,Lucy Briers,Anna Chancellor,Lucy Robinson,Adrian Lukis,David Bamber,Lucy Scott,Lucy Davis,Emilia Fox,Marlene Sidaway,Barbara Leigh-Hunt"
Freaks and Geeks,"Linda Cardellini,John Francis Daley,James Franco,Samm Levine,Seth Rogen,Jason Segel,Martin Starr,Becky Ann Baker,Joe Flaherty,Busy Philipps,Jerome Elston Scott,Steve Bannos,Dave Allen,Sarah Hagan,Jerry Messing,Natasha Melnick,Stephen Lea Sheppard,Chauncey Leopardi"
Das Boot,"Jürgen Prochnow,Herbert Grönemeyer,Klaus Wennemann,Hubertus Bengsch,Martin Semmelrogge,Bernd Tauber,Erwin Leder,Martin May,Heinz Hoenig,Uwe Ochsenknecht,Claude-Oliver Rudolph,Jan Fedder,Ralf Richter,Joachim Bernhard,Oliver Stritzel,Konrad Becker,Lutz Schnell,Martin Hemme"
Apocalypse: The Second World War,"Mathieu Kassovitz,Martin Sheen,Rudolf Hess"
Curb Your Enthusiasm,"Larry David,Cheryl Hines,Jeff Garlin,Susie Essman,J.B. Smoove,Richard Lewis,Ted Danson,Bob Einstein,Ashly Holloway,Shelley Berman,Antoinette Spolar,Vivica A. Fox,Carla Jeffery,Nick Nervies,Ann Ryerson,Wanda Sykes,Ellia English,Julia Louis-Dreyfus"
It's Always Sunny in Philadelphia,"Charlie Day,Glenn Howerton,Rob McElhenney,Kaitlin Olson,Danny DeVito,Mary Elizabeth Ellis,David Hornsby,Artemis Pebdani,Lynne Marie Stewart,Sandy Martin,David Zdunich,Lance Barber,Andrew Friedman,Gregory Scott Cummins,Jimmi Simpson,Nate Mooney,Michael Naughton,Catherine Reitman"
Nathan for You,"Nathan Fielder,Anthony Filosa,Brian S. Wolfe,Salomon Flores,Simon Kellog,William Heath,Tony Napoli,James Bailey,Sue Stanford,Cornelius Ladd,Kyle Heitz,Billy Smalling,Marcos Mateo Ochoa,Andy Farshidian,Jason Stone,Corey Calderwood,H. Jon Benjamin,Jennifer Anderton"
Africa,"David Attenborough,Simon Blakeney,Mark Deeble,Matthew Wright,Mike Fox,Martyn Colbeck,Kate Broome,Bill Rudolph,Kevin Flay,Mark MacEwen,E.O. Wilson,Justin Maguire,Hugh Pearson,Andres Bifani,James Aldred,Warwick Sloss,Olubi Lairumbe,Tim Berrow"
TVF Pitchers,"Naveen Kasturia,Arunabh Kumar,Jitendra Kumar,Abhay Mahajan,Akanksha Thakur,Maanvi Gagroo,Gopal Datt,Jaimini Pathak,Rajesh Sharma,Suneel Sinha,Pranav Bhasin,Biswapati Sarkar,Arnav Bhasin,Aditi Singh,Natasha Azad,Manjiri Pupala,Abhishek Banerjee,Manuj Sharma"
Last Week Tonight with John Oliver,"John Oliver,David Kaye,Ryan Barger,Noel MacNeal,Alberto Bonilla,H. Jon Benjamin,James Wojtal,Gilbert Gottfried,Paul McGinnis,Rachel Dratch,George Clooney,Kyle Ploof,Moujan Zolfaghari,Susan Evans,Alex Webb,Thomas Kopache,Michael Torpey,Stephanie D'Abruzzo"
When They See Us,"Asante Blackk,Caleel Harris,Ethan Herisse,Marquis Rodriguez,Marsha Stephanie Blake,Kylie Bunbury,John Leguizamo,Niecy Nash,Suzzanne Douglas,Michael Kenneth Williams,Jharrel Jerome,Aunjanue Ellis,Felicity Huffman,Len Cariou,William Sadler,Adepero Oduye,Alexandra Templer,Denia Brache"
Gravity Falls,"Jason Ritter,Alex Hirsch,Kristen Schaal,Linda Cardellini,Kevin Michael Richardson,Matt Chapman,Kari Wahlgren,John DiMaggio,Keith Ferguson,Gregg Turkington,Jennifer Coolidge,Carl Faruolo,Niki Yang,Dee Bradley Baker,T.J. Miller,Will Forte,Grey Griffin,Thurop Van Orman"
Monty Python's Flying Circus,"Graham Chapman,John Cleese,Terry Gilliam,Eric Idle,Terry Jones,Michael Palin,Carol Cleveland,Monty Python,Ian Davidson,John Hughman,The Fred Tomlinson Singers,Bob Raymond,Connie Booth,Lyn Ashley,Frank Lester,Rita Davies,Maureen Flanagan,Donna Reading"
Dekalog,"Artur Barcis,Olgierd Lukaszewicz,Olaf Lubaszenko,Aleksander Bardini,Krystyna Janda,Piotr Machalica,Jan Tesarz,Stanislaw Gawlik,Krzysztof Kumor,Katarzyna Piwowarczyk,Maciej Szary,Henryk Baranowski,Grazyna Szapolowska,Daniel Olbrychski,Jerzy Stuhr,Miroslaw Baka,Anna Polony,Adrianna Biedrzynska"
Cowboy Bebop,"Kôichi Yamadera,Unshô Ishizuka,Megumi Hayashibara,Steve Blum,Beau Billingslea,Kevin Seymour,Wendee Lee,Isshin Chiba,Melissa Fahn,Aoi Tada,Hiroshi Naka,Tsutomu Tareki,Miki Nagasawa,Toshihiko Nakajima,Jin Hirao,Skip Stellrecht,Kazuhiro Nakata,Shinpachi Tsuji"
Hunter x Hunter,"Issei Futamata,Megumi Han,Cristina Valenzuela,Mariya Ise,Michael McConnohie,Erica Mendez,Erika Harlacher,Miyuki Sawashiro,Daisuke Namikawa,Matthew Mercer,Keiji Fujiwara,Keith Silverstein,Wataru Takagi,Tony Oliver,Bill Rogers,Ray Chase,Ben Diskin,Kyle Hebert"
Clarkson's Farm,"Jeremy Clarkson,Kaleb Cooper,Charlie Ireland,Gerald Cooper,Lisa Hogan,Kevin Harrison,Ellen Helliwell,Georgia Craig,Dave Clay"
The Civil War,"David McCullough,Sam Waterston,Julie Harris,Jason Robards,Morgan Freeman,Paul Roebling,Garrison Keillor,George Black,Arthur Miller,Christopher Murney,Charles McDowell,Horton Foote,George Plimpton,Philip Bosco,Terry Courier,Jody Powell,Studs Terkel,Jeremy Irons"
Persona,"Haluk Bilginer,Cansu Dere,Metin Akdülger,Sebnem Bozoklu,Hüseyin Avni Danyal,Necip Memili,Senay Gürler,Ayhan Kavas,Önder Selen,Ibrahim Selim,Firat Topkorur,Recep Usta,Rabia Soyturk,Alptekin Ertürk,Müjde Ar,Yusufcan Sancakli,Hümeyra,Volkan Uygun"
Friends,"Jennifer Aniston,Courteney Cox,Lisa Kudrow,Matt LeBlanc,Matthew Perry,David Schwimmer,James Michael Tyler,Elliott Gould,Christina Pickles,Maggie Wheeler,Paul Rudd,Jane Sibbett,Helen Baxendale,Jessica Hecht,June Gable,Tom Selleck,Aisha Tyler,Giovanni Ribisi"
Only Fools and Horses,"David Jason,Nicholas Lyndhurst,Roger Lloyd Pack,Buster Merryfield,John Challis,Kenneth MacDonald,Lennard Pearce,Gwyneth Strong,Sue Holderness,Patrick Murray,Tessa Peake-Jones,Paul Barber,Roy Heather,Denis Lill,Nula Conwell,Steven Woodcock,Julie La Rousse,Michele Winstanley"
The Blue Planet,"David Attenborough,Pierce Brosnan"
True Detective,"Vince Vaughn,Colin Farrell,Rachel McAdams,Taylor Kitsch,Matthew McConaughey,Mahershala Ali,Woody Harrelson,Carmen Ejogo,Michelle Monaghan,Stephen Dorff,Michael Potts,Kelly Reilly,Scoot McNairy,Tory Kittles,Ray Fisher,Chris Kerson,Ritchie Coster,Sarah Gadon"
Death Note,"Mamoru Miyano,Brad Swaile,Vincent Tong,Ryô Naitô,Trevor Devall,Brian Drummond,Naoya Uchida,Chris Britton,Keiji Fujiwara,Kappei Yamaguchi,Aya Hirano,Shannon Chan-Kent,Alessandro Juliani,Shidô Nakamura,John Murphy,Kazuya Nakai,Kiyoshi Kobayashi,French Tickner"
Frozen Planet,"David Attenborough,Alec Baldwin,Chadden Hunter,Michael Kelem,Ted Giffords,Gavin Thurston,Mark Linfield,Doug Allan,Jeff Wilson,Vanessa Berlowitz,Doug Anderson,Jamie McPherson,Didier Noirot,John Aitchison,Niobe Thompson,Jeff Turner,Matthew Swarbrick,Mark Smith"
Fargo,"Billy Bob Thornton,Martin Freeman,Allison Tolman,Colin Hanks,Russell Harvard,Bokeem Woodbine,Brad Mann,Kirsten Dunst,Ewan McGregor,Chris Rock,Patrick Wilson,Carrie Coon,Jessie Buckley,Jesse Plemons,Mary Elizabeth Winstead,Jason Schwartzman,David Thewlis,Ted Danson"
Seinfeld,"Jerry Seinfeld,Julia Louis-Dreyfus,Michael Richards,Jason Alexander,Ruth Cohen,Wayne Knight,Norman Brenner,Heidi Swedberg,Estelle Harris,Jerry Stiller,Liz Sheridan,John O'Hurley,Barney Martin,Len Lesser,Deck McKenzie,Richard Herd,Peggy Lane,Richard Fancy"
Blue Planet II,"David Attenborough,Peter Drost,Roger Munns,Roger Horrocks"
Human Planet,"John Hurt,Roger Munns"
The Office,"Steve Carell,Jenna Fischer,John Krasinski,Rainn Wilson,Leslie David Baker,Brian Baumgartner,Angela Kinsey,Kate Flannery,Phyllis Smith,Creed Bratton,Oscar Nuñez,Mindy Kaling,B.J. Novak,Ed Helms,Paul Lieberstein,Craig Robinson,Ellie Kemper,Zach Woods"
Batman: The Animated Series,"Kevin Conroy,Loren Lester,Efrem Zimbalist Jr.,Bob Hastings,Robert Costanzo,Mari Devon,Mark Hamill,Richard Moll,Lloyd Bochner,Arleen Sorkin,John Vernon,Adrienne Barbeau,Brock Peters,Diane Pershing,Paul Williams,Ingrid Oliu,Neil Ross,Aron Kincaid"
Attack on Titan,"Yûki Kaji,Marina Inoue,Josh Grelle,Yui Ishikawa,Bryce Papenbrook,Trina Nishimura,Kishô Taniyama,Hiro Shimono,Clifford Chapin,Mike McFarland,Romi Park,Hiroshi Kamiya,Matthew Mercer,Yû Kobayashi,Jessica Calvello,Yoshimasa Hosoya,Daisuke Ono,Ashly Burch"
Avatar: The Last Airbender,"Dee Bradley Baker,Zach Tyler Eisen,Mae Whitman,Jack De Sena,Dante Basco,Michaela Jill Murphy,Mako,Grey Griffin,André Sogliuzzo,Cricket Leigh,Mark Hamill,Jennie Kwan,Olivia Hack,Greg Baldwin,Jim Meskimen,James Garrett,Jason Isaacs,James Sie"
Firefly,"Nathan Fillion,Gina Torres,Alan Tudyk,Morena Baccarin,Adam Baldwin,Jewel Staite,Sean Maher,Summer Glau,Ron Glass,Christina Hendricks,Mark Sheppard,Michael Fairman,Jeff Ricketts,Dennis Cockrum,Zac Efron,Doug Savant,Gregory Itzin,Richard Brooks"
The Beatles: Get Back,"The Beatles,John Lennon,Paul McCartney,George Harrison,Ringo Starr,Mal Evans,Michael Lindsay-Hogg,Yoko Ono,Glyn Johns,George Martin,Linda McCartney,Kevin Harrington,Anthony B. Richmond,Peter Sutton,Dave Harries,Denis O'Dell,Neil Aspinall,Billy Preston"
The Wire,"Dominic West,Lance Reddick,Sonja Sohn,Wendell Pierce,John Doman,Deirdre Lovejoy,Seth Gilliam,Domenick Lombardozzi,Clarke Peters,Andre Royo,Michael Kenneth Williams,Jim True-Frost,Frankie Faison,Corey Parker Robinson,Delaney Williams,J.D. Williams,Wood Harris,Idris Elba"
Band of Brothers,"Scott Grimes,Damian Lewis,Ron Livingston,Shane Taylor,Donnie Wahlberg,Peter Youngblood Hills,Matthew Leitch,Nicholas Aaron,Philip Barantini,Michael Cudlitz,Dexter Fletcher,Rick Gomez,James Madio,Ross McCall,Doug Allen,George Calil,Nolan Hemmings,Robin Laing"
Breaking Bad,"Bryan Cranston,Aaron Paul,Anna Gunn,Betsy Brandt,RJ Mitte,Dean Norris,Bob Odenkirk,Steven Michael Quezada,Jonathan Banks,Giancarlo Esposito,Charles Baker,Jesse Plemons,Christopher Cousins,Laura Fraser,Matt Jones,Michael Shamus Wiles,Lavell Crawford,Ray Campbell"
Planet Earth,"Sigourney Weaver,David Attenborough,Nikolay Drozdov,Thomas Anguti Johnston,Huw Cordey,Mark Linfield,Doug Allan,Chadden Hunter,Jeff Wilson,Michael Kelem,Simon King,Doug Anderson,Jonathan Keeling,Paul Stewart,Tom Clarke,Rick Rosenthal,Mike Holding,Peter Scoones"
Chernobyl,"Jessie Buckley,Jared Harris,Stellan Skarsgård,Adam Nagaitis,Emily Watson,Paul Ritter,Robert Emms,Sam Troughton,Karl Davies,Michael Socha,Laura Elphinstone,Jan Ricica,Adrian Rawlins,Alan Williams,Con O'Neill,Douggie McMeekin,Nadia Clifford,David Dencik"
